Filter Name,Performance Score 1 Value,Performance Score 2 Value,Performance Score 3 Value
Blur,332.70431451611444,0.11638524525255403,22.91021928023161
Gaussian Blur,164.13590640578542,0.08174675246749392,25.978767630682917
Median Blur,316.2454100564629,0.11346993997864278,23.13056129930253
Bilateral Filter,0.5333356531800205,0.004659818681542346,50.86079743879603
