Filter Name,Performance Score 1 Value,Performance Score 2 Value,Performance Score 3 Value
Blur,200.4097092013889,0.08616452349141028,25.111616030018258
Gaussian Blur,81.45933047196502,0.05493378580420425,29.021395246431712
Median Blur,117.48687692901234,0.06597262905857398,27.43091001456778
Bilateral Filter,0.5546161265432099,0.004532787487894169,50.69087867485237
