Filter Name,Performance Score 1 Value,Performance Score 2 Value,Performance Score 3 Value
Blur,85.1813599537037,0.08045280287098124,28.827357913936883
Gaussian Blur,30.999936503343623,0.04853435879259091,33.21719556590919
Median Blur,49.77466467335391,0.06149970968775303,31.16072017954552
Bilateral Filter,0.2619267618312757,0.004461273320213274,53.94900487025056
