Filter Name,Performance Score 1 Value,Performance Score 2 Value,Performance Score 3 Value
Blur,97.38004908343545,0.061370660084122064,28.246103717562086
Gaussian Blur,35.90432623570261,0.037264833966878415,32.57933579501476
Median Blur,31.576996368208743,0.03494710529214916,33.137095437058115
Bilateral Filter,0.29890088848039215,0.0034000820924156524,53.37553154889994
