Filter Name,Performance Score 1 Value,Performance Score 2 Value,Performance Score 3 Value
Blur,256.7513978909465,0.09815792817489616,24.035675440623855
Gaussian Blur,105.37170171039095,0.06288266971748287,27.903563670799066
Median Blur,138.91723074202676,0.0722016351848887,26.703242436251262
Bilateral Filter,0.49574074074074076,0.004313167066032228,51.17825749503946
